resultId,raceId,driverId,constructorId,number,grid,position,positionText,positionOrder,points,laps,time,milliseconds,fastestLap,rank,fastestLapTime,fastestLapSpeed,statusId
1,18,1,1,22,1,1,1,1,10.0,58,1:34:50.616,5690616,39,2,1:27.452,218.3,1
2,18,2,2,3,5,2,2,2,8.0,58,+5.478,5696094,41,3,1:27.739,217.586,1
3,18,3,3,7,7,3,3,3,6.0,58,+8.163,5698779,41,5,1:28.090,216.719,1
4,18,4,4,5,11,4,4,4,5.0,58,+17.181,5707797,58,7,1:28.603,215.464,1
5,18,5,1,23,3,5,5,5,4.0,58,+18.014,5708630,43,1,1:27.418,218.385,1
6,18,6,3,8,13,6,6,6,3.0,57,\N,\N,50,14,1:29.639,212.974,11
7,18,7,5,14,17,7,7,7,2.0,55,\N,\N,54,8,1:29.534,213.224,5
8,18,8,6,1,15,8,8,8,1.0,53,\N,\N,20,4,1:27.903,217.18,5
9,18,9,2,4,2,\N,R,9,0.0,47,\N,\N,15,9,1:28.753,215.1,4
10,18,10,7,12,18,\N,R,10,0.0,43,\N,\N,23,13,1:29.558,213.166,3
